"742","ICD9CM","CM_750"
"742.8","ICD9CM","CM_750"
"742.9","ICD9CM","CM_750"
"G90.1","ICD10CM","CM_750"
"Q07","ICD10CM","CM_750"
"Q07.8","ICD10CM","CM_750"
"Q07.9","ICD10CM","CM_750"
"V13.63","ICD9CM","CM_750"
"742.4","ICD9CM","CM_750.1"
"Q04","ICD10CM","CM_750.1"
"Q04.8","ICD10CM","CM_750.1"
"Q04.9","ICD10CM","CM_750.1"
"742.1","ICD9CM","CM_750.111"
"Q02","ICD10CM","CM_750.111"
"740","ICD9CM","CM_750.112"
"740.0","ICD9CM","CM_750.112"
"740.1","ICD9CM","CM_750.112"
"740.2","ICD9CM","CM_750.112"
"Q00","ICD10CM","CM_750.112"
"Q00.0","ICD10CM","CM_750.112"
"Q00.1","ICD10CM","CM_750.112"
"Q00.2","ICD10CM","CM_750.112"
"742.2","ICD9CM","CM_750.113"
"Q04.1","ICD10CM","CM_750.113"
"Q04.3","ICD10CM","CM_750.113"
"Q04.4","ICD10CM","CM_750.114"
"Q04.2","ICD10CM","CM_750.115"
"Q04.0","ICD10CM","CM_750.12"
"Q04.5","ICD10CM","CM_750.13"
"Q04.6","ICD10CM","CM_750.14"
"742.3","ICD9CM","CM_750.15"
"Q03","ICD10CM","CM_750.15"
"Q03.8","ICD10CM","CM_750.15"
"Q03.9","ICD10CM","CM_750.15"
"Q03.0","ICD10CM","CM_750.151"
"Q03.1","ICD10CM","CM_750.152"
"Q07.0","ICD10CM","CM_750.16"
"Q07.00","ICD10CM","CM_750.16"
"Q07.01","ICD10CM","CM_750.16"
"Q07.02","ICD10CM","CM_750.16"
"Q07.03","ICD10CM","CM_750.16"
"742.5","ICD9CM","CM_750.2"
"742.59","ICD9CM","CM_750.2"
"Q06","ICD10CM","CM_750.2"
"Q06.0","ICD10CM","CM_750.2"
"Q06.1","ICD10CM","CM_750.2"
"Q06.3","ICD10CM","CM_750.2"
"Q06.8","ICD10CM","CM_750.2"
"Q06.9","ICD10CM","CM_750.2"
"741","ICD9CM","CM_750.21"
"741.0","ICD9CM","CM_750.21"
"741.00","ICD9CM","CM_750.21"
"741.01","ICD9CM","CM_750.21"
"741.02","ICD9CM","CM_750.21"
"741.03","ICD9CM","CM_750.21"
"741.9","ICD9CM","CM_750.21"
"741.90","ICD9CM","CM_750.21"
"741.91","ICD9CM","CM_750.21"
"741.92","ICD9CM","CM_750.21"
"741.93","ICD9CM","CM_750.21"
"Q05","ICD10CM","CM_750.21"
"Q05.0","ICD10CM","CM_750.21"
"Q05.1","ICD10CM","CM_750.21"
"Q05.2","ICD10CM","CM_750.21"
"Q05.3","ICD10CM","CM_750.21"
"Q05.4","ICD10CM","CM_750.21"
"Q05.5","ICD10CM","CM_750.21"
"Q05.6","ICD10CM","CM_750.21"
"Q05.7","ICD10CM","CM_750.21"
"Q05.8","ICD10CM","CM_750.21"
"Q05.9","ICD10CM","CM_750.21"
"Q07.01","ICD10CM","CM_750.21"
"Q07.03","ICD10CM","CM_750.21"
"756.17","ICD9CM","CM_750.22"
"Q76.0","ICD10CM","CM_750.22"
"Q82.6","ICD10CM","CM_750.23"
"742.0","ICD9CM","CM_750.24"
"Q01","ICD10CM","CM_750.24"
"Q01.0","ICD10CM","CM_750.24"
"Q01.1","ICD10CM","CM_750.24"
"Q01.2","ICD10CM","CM_750.24"
"Q01.8","ICD10CM","CM_750.24"
"Q01.9","ICD10CM","CM_750.24"
"742.53","ICD9CM","CM_750.26"
"Q06.4","ICD10CM","CM_750.26"
"742.51","ICD9CM","CM_750.27"
"Q06.2","ICD10CM","CM_750.27"
"743","ICD9CM","CM_751"
"743.69","ICD9CM","CM_751"
"743.8","ICD9CM","CM_751"
"743.9","ICD9CM","CM_751"
"Q15","ICD10CM","CM_751"
"Q15.8","ICD10CM","CM_751"
"Q15.9","ICD10CM","CM_751"
"Z87.720","ICD10CM","CM_751"
"743.66","ICD9CM","CM_751.1"
"Q10.7","ICD10CM","CM_751.1"
"Q11","ICD10CM","CM_751.11"
"743.03","ICD9CM","CM_751.111"
"Q11.0","ICD10CM","CM_751.111"
"743.06","ICD9CM","CM_751.112"
"743.1","ICD9CM","CM_751.112"
"743.10","ICD9CM","CM_751.112"
"743.11","ICD9CM","CM_751.112"
"743.12","ICD9CM","CM_751.112"
"Q11.2","ICD10CM","CM_751.112"
"743.0","ICD9CM","CM_751.113"
"743.00","ICD9CM","CM_751.113"
"Q11.1","ICD10CM","CM_751.113"
"743.44","ICD9CM","CM_751.2"
"743.48","ICD9CM","CM_751.2"
"743.49","ICD9CM","CM_751.2"
"Q13","ICD10CM","CM_751.2"
"Q13.8","ICD10CM","CM_751.2"
"Q13.89","ICD10CM","CM_751.2"
"Q13.9","ICD10CM","CM_751.2"
"743.3","ICD9CM","CM_751.21"
"743.36","ICD9CM","CM_751.21"
"743.39","ICD9CM","CM_751.21"
"Q12","ICD10CM","CM_751.21"
"Q12.8","ICD10CM","CM_751.21"
"Q12.9","ICD10CM","CM_751.21"
"743.35","ICD9CM","CM_751.211"
"Q12.3","ICD10CM","CM_751.211"
"Q12.4","ICD10CM","CM_751.212"
"743.30","ICD9CM","CM_751.213"
"743.31","ICD9CM","CM_751.213"
"743.32","ICD9CM","CM_751.213"
"743.33","ICD9CM","CM_751.213"
"743.34","ICD9CM","CM_751.213"
"Q12.0","ICD10CM","CM_751.213"
"743.37","ICD9CM","CM_751.214"
"Q12.1","ICD10CM","CM_751.214"
"Q12.2","ICD10CM","CM_751.215"
"743.46","ICD9CM","CM_751.22"
"Q13.0","ICD10CM","CM_751.22"
"Q13.2","ICD10CM","CM_751.22"
"743.45","ICD9CM","CM_751.221"
"Q13.1","ICD10CM","CM_751.221"
"Q13.81","ICD10CM","CM_751.222"
"743.41","ICD9CM","CM_751.23"
"Q13.4","ICD10CM","CM_751.23"
"743.42","ICD9CM","CM_751.231"
"743.43","ICD9CM","CM_751.231"
"Q13.3","ICD10CM","CM_751.231"
"743.47","ICD9CM","CM_751.24"
"Q13.5","ICD10CM","CM_751.241"
"743.5","ICD9CM","CM_751.3"
"743.52","ICD9CM","CM_751.3"
"743.54","ICD9CM","CM_751.3"
"743.55","ICD9CM","CM_751.3"
"743.58","ICD9CM","CM_751.3"
"743.59","ICD9CM","CM_751.3"
"Q14","ICD10CM","CM_751.3"
"Q14.8","ICD10CM","CM_751.3"
"Q14.9","ICD10CM","CM_751.3"
"743.51","ICD9CM","CM_751.31"
"Q14.0","ICD10CM","CM_751.31"
"743.56","ICD9CM","CM_751.32"
"Q14.1","ICD10CM","CM_751.32"
"743.57","ICD9CM","CM_751.33"
"Q14.2","ICD10CM","CM_751.33"
"743.53","ICD9CM","CM_751.34"
"Q14.3","ICD10CM","CM_751.34"
"365.14","ICD9CM","CM_751.4"
"743.2","ICD9CM","CM_751.4"
"743.20","ICD9CM","CM_751.4"
"743.21","ICD9CM","CM_751.4"
"743.22","ICD9CM","CM_751.4"
"Q15.0","ICD10CM","CM_751.4"
"377.22","ICD9CM","CM_751.5"
"377.23","ICD9CM","CM_751.5"
"743.4","ICD9CM","CM_751.5"
"743.52","ICD9CM","CM_751.5"
"H47.31","ICD10CM","CM_751.5"
"H47.311","ICD10CM","CM_751.5"
"H47.312","ICD10CM","CM_751.5"
"H47.313","ICD10CM","CM_751.5"
"H47.319","ICD10CM","CM_751.5"
"Q12.2","ICD10CM","CM_751.5"
"Q13.0","ICD10CM","CM_751.5"
"Q11.3","ICD10CM","CM_751.6"
"743.6","ICD9CM","CM_751.7"
"Q10","ICD10CM","CM_751.7"
"743.62","ICD9CM","CM_751.71"
"743.63","ICD9CM","CM_751.71"
"Q10.1","ICD10CM","CM_751.71"
"Q10.2","ICD10CM","CM_751.71"
"Q10.3","ICD10CM","CM_751.71"
"743.61","ICD9CM","CM_751.711"
"Q10.0","ICD10CM","CM_751.711"
"743.64","ICD9CM","CM_751.8"
"743.65","ICD9CM","CM_751.8"
"Q10.4","ICD10CM","CM_751.8"
"Q10.5","ICD10CM","CM_751.8"
"Q10.6","ICD10CM","CM_751.8"
"744.0","ICD9CM","CM_752"
"744.00","ICD9CM","CM_752"
"744.02","ICD9CM","CM_752"
"744.09","ICD9CM","CM_752"
"744.2","ICD9CM","CM_752"
"744.29","ICD9CM","CM_752"
"744.3","ICD9CM","CM_752"
"Q16","ICD10CM","CM_752"
"Q16.9","ICD10CM","CM_752"
"Q17","ICD10CM","CM_752"
"Q17.3","ICD10CM","CM_752"
"Q17.8","ICD10CM","CM_752"
"Q17.9","ICD10CM","CM_752"
"Z87.721","ICD10CM","CM_752"
"744.21","ICD9CM","CM_752.1"
"744.23","ICD9CM","CM_752.11"
"Q17.2","ICD10CM","CM_752.11"
"744.01","ICD9CM","CM_752.12"
"Q16.0","ICD10CM","CM_752.12"
"744.22","ICD9CM","CM_752.2"
"Q17.1","ICD10CM","CM_752.2"
"744.1","ICD9CM","CM_752.3"
"Q17.0","ICD10CM","CM_752.3"
"Q17.4","ICD10CM","CM_752.4"
"Q17.5","ICD10CM","CM_752.5"
"Q16.1","ICD10CM","CM_752.6"
"744.03","ICD9CM","CM_752.7"
"744.04","ICD9CM","CM_752.7"
"744.24","ICD9CM","CM_752.7"
"Q16.2","ICD10CM","CM_752.7"
"Q16.3","ICD10CM","CM_752.7"
"Q16.4","ICD10CM","CM_752.7"
"744.05","ICD9CM","CM_752.8"
"Q16.5","ICD10CM","CM_752.8"
"744","ICD9CM","CM_753"
"744.8","ICD9CM","CM_753"
"744.89","ICD9CM","CM_753"
"744.9","ICD9CM","CM_753"
"755.55","ICD9CM","CM_753"
"Q18","ICD10CM","CM_753"
"Q18.8","ICD10CM","CM_753"
"Q18.9","ICD10CM","CM_753"
"Z87.790","ICD10CM","CM_753"
"744.4","ICD9CM","CM_753.1"
"744.41","ICD9CM","CM_753.1"
"744.42","ICD9CM","CM_753.1"
"744.43","ICD9CM","CM_753.1"
"744.49","ICD9CM","CM_753.1"
"Q18.0","ICD10CM","CM_753.1"
"Q18.2","ICD10CM","CM_753.1"
"744.46","ICD9CM","CM_753.2"
"744.47","ICD9CM","CM_753.2"
"Q18.1","ICD10CM","CM_753.2"
"744.5","ICD9CM","CM_753.3"
"Q18.3","ICD10CM","CM_753.3"
"750","ICD9CM","CM_754"
"750.2","ICD9CM","CM_754"
"Q38","ICD10CM","CM_754"
"Q38.5","ICD10CM","CM_754"
"Q38.6","ICD10CM","CM_754"
"749","ICD9CM","CM_754.1"
"Z87.730","ICD10CM","CM_754.1"
"749.0","ICD9CM","CM_754.11"
"749.00","ICD9CM","CM_754.11"
"749.01","ICD9CM","CM_754.11"
"749.02","ICD9CM","CM_754.11"
"749.03","ICD9CM","CM_754.11"
"749.04","ICD9CM","CM_754.11"
"Q35","ICD10CM","CM_754.11"
"Q35.1","ICD10CM","CM_754.11"
"Q35.3","ICD10CM","CM_754.11"
"Q35.5","ICD10CM","CM_754.11"
"Q35.9","ICD10CM","CM_754.11"
"749.2","ICD9CM","CM_754.111"
"749.20","ICD9CM","CM_754.111"
"749.21","ICD9CM","CM_754.111"
"749.22","ICD9CM","CM_754.111"
"749.23","ICD9CM","CM_754.111"
"749.24","ICD9CM","CM_754.111"
"749.25","ICD9CM","CM_754.111"
"Q37","ICD10CM","CM_754.111"
"Q37.0","ICD10CM","CM_754.111"
"Q37.1","ICD10CM","CM_754.111"
"Q37.2","ICD10CM","CM_754.111"
"Q37.3","ICD10CM","CM_754.111"
"Q37.4","ICD10CM","CM_754.111"
"Q37.5","ICD10CM","CM_754.111"
"Q37.8","ICD10CM","CM_754.111"
"Q37.9","ICD10CM","CM_754.111"
"749.1","ICD9CM","CM_754.12"
"749.10","ICD9CM","CM_754.12"
"749.11","ICD9CM","CM_754.12"
"749.12","ICD9CM","CM_754.12"
"749.13","ICD9CM","CM_754.12"
"749.14","ICD9CM","CM_754.12"
"Q36","ICD10CM","CM_754.12"
"Q36.0","ICD10CM","CM_754.12"
"Q36.1","ICD10CM","CM_754.12"
"Q36.9","ICD10CM","CM_754.12"
"Q35.7","ICD10CM","CM_754.14"
"744.83","ICD9CM","CM_754.31"
"Q18.4","ICD10CM","CM_754.31"
"744.84","ICD9CM","CM_754.32"
"Q18.5","ICD10CM","CM_754.32"
"750.25","ICD9CM","CM_754.4"
"750.26","ICD9CM","CM_754.4"
"Q38.0","ICD10CM","CM_754.4"
"744.81","ICD9CM","CM_754.41"
"Q18.6","ICD10CM","CM_754.41"
"744.82","ICD9CM","CM_754.42"
"Q18.7","ICD10CM","CM_754.42"
"750.1","ICD9CM","CM_754.5"
"750.10","ICD9CM","CM_754.5"
"750.11","ICD9CM","CM_754.5"
"750.12","ICD9CM","CM_754.5"
"750.13","ICD9CM","CM_754.5"
"750.16","ICD9CM","CM_754.5"
"750.19","ICD9CM","CM_754.5"
"Q38.3","ICD10CM","CM_754.5"
"750.15","ICD9CM","CM_754.52"
"Q38.2","ICD10CM","CM_754.52"
"750.21","ICD9CM","CM_754.6"
"750.22","ICD9CM","CM_754.6"
"750.23","ICD9CM","CM_754.6"
"750.24","ICD9CM","CM_754.6"
"Q38.4","ICD10CM","CM_754.6"
"750.29","ICD9CM","CM_754.7"
"Q38.8","ICD10CM","CM_754.7"
"750.27","ICD9CM","CM_754.71"
"Q38.7","ICD10CM","CM_754.71"
"754.0","ICD9CM","CM_755"
"756.0","ICD9CM","CM_755"
"Q67.4","ICD10CM","CM_755"
"Q75","ICD10CM","CM_755"
"Q75.8","ICD10CM","CM_755"
"Q75.9","ICD10CM","CM_755"
"Q87.0","ICD10CM","CM_755"
"Q67.0","ICD10CM","CM_755.1"
"Q67.1","ICD10CM","CM_755.1"
"Q67.2","ICD10CM","CM_755.21"
"Q67.3","ICD10CM","CM_755.22"
"Q75.0","ICD10CM","CM_755.23"
"Q75.1","ICD10CM","CM_755.3"
"Q75.5","ICD10CM","CM_755.3"
"Q75.4","ICD10CM","CM_755.31"
"Q75.3","ICD10CM","CM_755.4"
"376.41","ICD9CM","CM_755.5"
"Q75.2","ICD10CM","CM_755.5"
"748.1","ICD9CM","CM_755.6"
"Q30","ICD10CM","CM_755.6"
"Q30.3","ICD10CM","CM_755.6"
"Q30.8","ICD10CM","CM_755.6"
"Q30.9","ICD10CM","CM_755.6"
"748.0","ICD9CM","CM_755.61"
"Q30.0","ICD10CM","CM_755.61"
"Q30.2","ICD10CM","CM_755.62"
"Q30.1","ICD10CM","CM_755.63"
"P96.3","ICD10CM","CM_755.7"
"750.8","ICD9CM","CM_757"
"750.9","ICD9CM","CM_757"
"Q40","ICD10CM","CM_757"
"Q40.8","ICD10CM","CM_757"
"Q40.9","ICD10CM","CM_757"
"750.4","ICD9CM","CM_757.1"
"Q39","ICD10CM","CM_757.1"
"Q39.8","ICD10CM","CM_757.1"
"Q39.9","ICD10CM","CM_757.1"
"750.3","ICD9CM","CM_757.11"
"Q39.0","ICD10CM","CM_757.11"
"Q39.1","ICD10CM","CM_757.11"
"Q39.2","ICD10CM","CM_757.11"
"Q39.3","ICD10CM","CM_757.11"
"Q39.4","ICD10CM","CM_757.111"
"Q39.5","ICD10CM","CM_757.12"
"Q39.6","ICD10CM","CM_757.13"
"750.7","ICD9CM","CM_757.2"
"Q40.2","ICD10CM","CM_757.2"
"Q40.3","ICD10CM","CM_757.2"
"750.5","ICD9CM","CM_757.21"
"Q40.0","ICD10CM","CM_757.21"
"750.6","ICD9CM","CM_757.22"
"Q40.1","ICD10CM","CM_757.22"
"751","ICD9CM","CM_758"
"751.8","ICD9CM","CM_758"
"751.9","ICD9CM","CM_758"
"Q45","ICD10CM","CM_758"
"Q45.8","ICD10CM","CM_758"
"Q45.9","ICD10CM","CM_758"
"V13.67","ICD9CM","CM_758"
"Z87.73","ICD10CM","CM_758"
"Z87.738","ICD10CM","CM_758"
"751.5","ICD9CM","CM_758.1"
"Q43","ICD10CM","CM_758.1"
"Q43.2","ICD10CM","CM_758.1"
"Q43.6","ICD10CM","CM_758.1"
"Q43.8","ICD10CM","CM_758.1"
"Q43.9","ICD10CM","CM_758.1"
"751.0","ICD9CM","CM_758.11"
"Q43.0","ICD10CM","CM_758.11"
"751.3","ICD9CM","CM_758.12"
"Q43.1","ICD10CM","CM_758.12"
"751.1","ICD9CM","CM_758.131"
"Q41","ICD10CM","CM_758.131"
"Q41.0","ICD10CM","CM_758.131"
"Q41.1","ICD10CM","CM_758.131"
"Q41.2","ICD10CM","CM_758.131"
"Q41.8","ICD10CM","CM_758.131"
"Q41.9","ICD10CM","CM_758.131"
"751.2","ICD9CM","CM_758.132"
"Q42","ICD10CM","CM_758.132"
"Q42.0","ICD10CM","CM_758.132"
"Q42.1","ICD10CM","CM_758.132"
"Q42.2","ICD10CM","CM_758.132"
"Q42.3","ICD10CM","CM_758.132"
"Q42.8","ICD10CM","CM_758.132"
"Q42.9","ICD10CM","CM_758.132"
"751.4","ICD9CM","CM_758.14"
"Q43.3","ICD10CM","CM_758.14"
"Q43.4","ICD10CM","CM_758.15"
"Q43.5","ICD10CM","CM_758.16"
"Q43.7","ICD10CM","CM_758.17"
"751.6","ICD9CM","CM_758.2"
"751.60","ICD9CM","CM_758.2"
"751.69","ICD9CM","CM_758.2"
"Q44","ICD10CM","CM_758.2"
"Q44.0","ICD10CM","CM_758.2"
"Q44.1","ICD10CM","CM_758.2"
"Q44.4","ICD10CM","CM_758.2"
"Q44.5","ICD10CM","CM_758.2"
"Q44.7","ICD10CM","CM_758.2"
"751.61","ICD9CM","CM_758.21"
"Q44.2","ICD10CM","CM_758.21"
"Q44.3","ICD10CM","CM_758.21"
"751.62","ICD9CM","CM_758.22"
"Q44.6","ICD10CM","CM_758.22"
"751.7","ICD9CM","CM_758.3"
"Q45.0","ICD10CM","CM_758.3"
"Q45.2","ICD10CM","CM_758.3"
"Q45.3","ICD10CM","CM_758.3"
"Q45.1","ICD10CM","CM_758.31"
"752","ICD9CM","CM_760"
"752.8","ICD9CM","CM_760"
"752.89","ICD9CM","CM_760"
"752.9","ICD9CM","CM_760"
"Z87.71","ICD10CM","CM_760"
"752.4","ICD9CM","CM_760.1"
"752.40","ICD9CM","CM_760.1"
"752.49","ICD9CM","CM_760.1"
"Q50","ICD10CM","CM_760.1"
"Q51.7","ICD10CM","CM_760.1"
"Q52","ICD10CM","CM_760.1"
"Q52.8","ICD10CM","CM_760.1"
"Q52.9","ICD10CM","CM_760.1"
"752.0","ICD9CM","CM_760.11"
"Q50.2","ICD10CM","CM_760.11"
"Q50.3","ICD10CM","CM_760.11"
"Q50.31","ICD10CM","CM_760.11"
"Q50.39","ICD10CM","CM_760.11"
"Q50.0","ICD10CM","CM_760.111"
"Q50.01","ICD10CM","CM_760.111"
"Q50.02","ICD10CM","CM_760.111"
"Q50.32","ICD10CM","CM_760.112"
"752.1","ICD9CM","CM_760.12"
"752.10","ICD9CM","CM_760.12"
"752.11","ICD9CM","CM_760.12"
"752.19","ICD9CM","CM_760.12"
"Q50.4","ICD10CM","CM_760.12"
"Q50.5","ICD10CM","CM_760.12"
"Q50.6","ICD10CM","CM_760.12"
"654.0","ICD9CM","CM_760.13"
"654.00","ICD9CM","CM_760.13"
"654.01","ICD9CM","CM_760.13"
"654.02","ICD9CM","CM_760.13"
"654.03","ICD9CM","CM_760.13"
"654.04","ICD9CM","CM_760.13"
"752.3","ICD9CM","CM_760.13"
"752.39","ICD9CM","CM_760.13"
"752.43","ICD9CM","CM_760.13"
"752.44","ICD9CM","CM_760.13"
"O34.0","ICD10CM","CM_760.13"
"O34.00","ICD10CM","CM_760.13"
"O34.01","ICD10CM","CM_760.13"
"O34.02","ICD10CM","CM_760.13"
"O34.03","ICD10CM","CM_760.13"
"Q51","ICD10CM","CM_760.13"
"Q51.5","ICD10CM","CM_760.13"
"Q51.8","ICD10CM","CM_760.13"
"Q51.81","ICD10CM","CM_760.13"
"Q51.818","ICD10CM","CM_760.13"
"Q51.82","ICD10CM","CM_760.13"
"Q51.820","ICD10CM","CM_760.13"
"Q51.821","ICD10CM","CM_760.13"
"Q51.828","ICD10CM","CM_760.13"
"Q51.9","ICD10CM","CM_760.13"
"752.31","ICD9CM","CM_760.131"
"752.32","ICD9CM","CM_760.131"
"Q51.0","ICD10CM","CM_760.131"
"Q51.811","ICD10CM","CM_760.131"
"752.2","ICD9CM","CM_760.132"
"752.35","ICD9CM","CM_760.132"
"Q51.1","ICD10CM","CM_760.132"
"Q51.10","ICD10CM","CM_760.132"
"Q51.11","ICD10CM","CM_760.132"
"Q51.2","ICD10CM","CM_760.132"
"Q51.20","ICD10CM","CM_760.132"
"Q51.21","ICD10CM","CM_760.132"
"Q51.22","ICD10CM","CM_760.132"
"Q51.28","ICD10CM","CM_760.132"
"752.34","ICD9CM","CM_760.133"
"Q51.3","ICD10CM","CM_760.133"
"752.33","ICD9CM","CM_760.134"
"Q51.4","ICD10CM","CM_760.134"
"752.36","ICD9CM","CM_760.135"
"Q51.810","ICD10CM","CM_760.135"
"Q52.2","ICD10CM","CM_760.15"
"Q52.4","ICD10CM","CM_760.15"
"752.45","ICD9CM","CM_760.151"
"Q52.0","ICD10CM","CM_760.151"
"752.46","ICD9CM","CM_760.152"
"752.47","ICD9CM","CM_760.152"
"Q52.1","ICD10CM","CM_760.152"
"Q52.10","ICD10CM","CM_760.152"
"Q52.11","ICD10CM","CM_760.152"
"Q52.12","ICD10CM","CM_760.152"
"Q52.120","ICD10CM","CM_760.152"
"Q52.121","ICD10CM","CM_760.152"
"Q52.122","ICD10CM","CM_760.152"
"Q52.123","ICD10CM","CM_760.152"
"Q52.124","ICD10CM","CM_760.152"
"Q52.129","ICD10CM","CM_760.152"
"752.42","ICD9CM","CM_760.153"
"Q52.3","ICD10CM","CM_760.153"
"Q52.7","ICD10CM","CM_760.16"
"Q52.70","ICD10CM","CM_760.16"
"Q52.71","ICD10CM","CM_760.16"
"Q52.79","ICD10CM","CM_760.16"
"Q52.5","ICD10CM","CM_760.161"
"752.41","ICD9CM","CM_760.17"
"Q51.6","ICD10CM","CM_760.17"
"Q52.6","ICD10CM","CM_760.18"
"Q55","ICD10CM","CM_760.2"
"Q55.8","ICD10CM","CM_760.2"
"Q55.9","ICD10CM","CM_760.2"
"752.5","ICD9CM","CM_760.21"
"Q53","ICD10CM","CM_760.21"
"Q55.2","ICD10CM","CM_760.21"
"Q55.20","ICD10CM","CM_760.21"
"Q55.21","ICD10CM","CM_760.21"
"752.51","ICD9CM","CM_760.211"
"Q53.1","ICD10CM","CM_760.211"
"Q53.10","ICD10CM","CM_760.211"
"Q53.11","ICD10CM","CM_760.211"
"Q53.111","ICD10CM","CM_760.211"
"Q53.112","ICD10CM","CM_760.211"
"Q53.13","ICD10CM","CM_760.211"
"Q53.2","ICD10CM","CM_760.211"
"Q53.20","ICD10CM","CM_760.211"
"Q53.21","ICD10CM","CM_760.211"
"Q53.211","ICD10CM","CM_760.211"
"Q53.212","ICD10CM","CM_760.211"
"Q53.23","ICD10CM","CM_760.211"
"Q53.9","ICD10CM","CM_760.211"
"752.52","ICD9CM","CM_760.212"
"Q55.22","ICD10CM","CM_760.212"
"Q53.0","ICD10CM","CM_760.213"
"Q53.00","ICD10CM","CM_760.213"
"Q53.01","ICD10CM","CM_760.213"
"Q53.02","ICD10CM","CM_760.213"
"Q53.12","ICD10CM","CM_760.213"
"Q53.22","ICD10CM","CM_760.213"
"Q55.0","ICD10CM","CM_760.214"
"Q55.1","ICD10CM","CM_760.214"
"752.81","ICD9CM","CM_760.215"
"Q55.23","ICD10CM","CM_760.215"
"752.6","ICD9CM","CM_760.22"
"752.69","ICD9CM","CM_760.22"
"Q55.29","ICD10CM","CM_760.22"
"Q55.6","ICD10CM","CM_760.22"
"Q55.69","ICD10CM","CM_760.22"
"752.61","ICD9CM","CM_760.221"
"Q54","ICD10CM","CM_760.221"
"Q54.0","ICD10CM","CM_760.221"
"Q54.1","ICD10CM","CM_760.221"
"Q54.2","ICD10CM","CM_760.221"
"Q54.3","ICD10CM","CM_760.221"
"Q54.8","ICD10CM","CM_760.221"
"Q54.9","ICD10CM","CM_760.221"
"V13.61","ICD9CM","CM_760.221"
"Z87.710","ICD10CM","CM_760.221"
"752.63","ICD9CM","CM_760.222"
"Q54.4","ICD10CM","CM_760.222"
"752.64","ICD9CM","CM_760.223"
"Q55.5","ICD10CM","CM_760.223"
"Q55.62","ICD10CM","CM_760.223"
"752.65","ICD9CM","CM_760.224"
"Q55.64","ICD10CM","CM_760.224"
"Q55.63","ICD10CM","CM_760.225"
"Q55.61","ICD10CM","CM_760.226"
"752.62","ICD9CM","CM_760.227"
"Q64.0","ICD10CM","CM_760.227"
"Q55.3","ICD10CM","CM_760.25"
"Q55.4","ICD10CM","CM_760.25"
"Q55.7","ICD10CM","CM_760.25"
"778.6","ICD9CM","CM_760.26"
"P83.5","ICD10CM","CM_760.26"
"752.7","ICD9CM","CM_760.3"
"Q56","ICD10CM","CM_760.3"
"Q56.0","ICD10CM","CM_760.3"
"Q56.1","ICD10CM","CM_760.3"
"Q56.2","ICD10CM","CM_760.3"
"Q56.3","ICD10CM","CM_760.3"
"Q56.4","ICD10CM","CM_760.3"
"753","ICD9CM","CM_761"
"753.9","ICD9CM","CM_761"
"Q64","ICD10CM","CM_761"
"Q64.8","ICD10CM","CM_761"
"Q64.9","ICD10CM","CM_761"
"753.3","ICD9CM","CM_761.1"
"Q63","ICD10CM","CM_761.1"
"Q63.8","ICD10CM","CM_761.1"
"Q63.9","ICD10CM","CM_761.1"
"753.0","ICD9CM","CM_761.11"
"Q60","ICD10CM","CM_761.11"
"Q60.0","ICD10CM","CM_761.111"
"Q60.1","ICD10CM","CM_761.111"
"Q60.2","ICD10CM","CM_761.111"
"Q60.3","ICD10CM","CM_761.112"
"Q60.4","ICD10CM","CM_761.112"
"Q60.5","ICD10CM","CM_761.112"
"753.15","ICD9CM","CM_761.12"
"Q61.4","ICD10CM","CM_761.12"
"753.1","ICD9CM","CM_761.13"
"753.10","ICD9CM","CM_761.13"
"753.11","ICD9CM","CM_761.13"
"753.12","ICD9CM","CM_761.13"
"753.13","ICD9CM","CM_761.13"
"753.14","ICD9CM","CM_761.13"
"753.19","ICD9CM","CM_761.13"
"Q61","ICD10CM","CM_761.13"
"Q61.0","ICD10CM","CM_761.13"
"Q61.00","ICD10CM","CM_761.13"
"Q61.01","ICD10CM","CM_761.13"
"Q61.02","ICD10CM","CM_761.13"
"Q61.1","ICD10CM","CM_761.13"
"Q61.11","ICD10CM","CM_761.13"
"Q61.19","ICD10CM","CM_761.13"
"Q61.2","ICD10CM","CM_761.13"
"Q61.3","ICD10CM","CM_761.13"
"Q61.8","ICD10CM","CM_761.13"
"Q61.9","ICD10CM","CM_761.13"
"753.16","ICD9CM","CM_761.131"
"753.17","ICD9CM","CM_761.131"
"Q61.5","ICD10CM","CM_761.131"
"Q63.0","ICD10CM","CM_761.16"
"Q63.1","ICD10CM","CM_761.17"
"Q63.2","ICD10CM","CM_761.18"
"Q63.3","ICD10CM","CM_761.19"
"753.4","ICD9CM","CM_761.2"
"Q62","ICD10CM","CM_761.2"
"Q62.7","ICD10CM","CM_761.2"
"Q62.8","ICD10CM","CM_761.2"
"753.2","ICD9CM","CM_761.21"
"753.20","ICD9CM","CM_761.21"
"753.21","ICD9CM","CM_761.21"
"753.22","ICD9CM","CM_761.21"
"753.29","ICD9CM","CM_761.21"
"Q62.1","ICD10CM","CM_761.21"
"Q62.10","ICD10CM","CM_761.21"
"Q62.11","ICD10CM","CM_761.21"
"Q62.12","ICD10CM","CM_761.21"
"Q62.3","ICD10CM","CM_761.21"
"Q62.39","ICD10CM","CM_761.21"
"Q62.0","ICD10CM","CM_761.211"
"753.23","ICD9CM","CM_761.212"
"Q62.31","ICD10CM","CM_761.212"
"Q62.32","ICD10CM","CM_761.212"
"Q62.2","ICD10CM","CM_761.23"
"Q62.4","ICD10CM","CM_761.24"
"Q62.5","ICD10CM","CM_761.25"
"Q62.6","ICD10CM","CM_761.26"
"Q62.60","ICD10CM","CM_761.26"
"Q62.61","ICD10CM","CM_761.26"
"Q62.62","ICD10CM","CM_761.26"
"Q62.63","ICD10CM","CM_761.26"
"Q62.69","ICD10CM","CM_761.26"
"753.8","ICD9CM","CM_761.3"
"Q64.6","ICD10CM","CM_761.3"
"Q64.7","ICD10CM","CM_761.3"
"Q64.70","ICD10CM","CM_761.3"
"Q64.71","ICD10CM","CM_761.3"
"Q64.72","ICD10CM","CM_761.3"
"Q64.73","ICD10CM","CM_761.3"
"Q64.74","ICD10CM","CM_761.3"
"Q64.75","ICD10CM","CM_761.3"
"Q64.79","ICD10CM","CM_761.3"
"753.5","ICD9CM","CM_761.31"
"Q64.1","ICD10CM","CM_761.31"
"Q64.10","ICD10CM","CM_761.31"
"Q64.11","ICD10CM","CM_761.31"
"Q64.12","ICD10CM","CM_761.31"
"Q64.19","ICD10CM","CM_761.31"
"Q64.2","ICD10CM","CM_761.32"
"753.6","ICD9CM","CM_761.33"
"Q64.3","ICD10CM","CM_761.33"
"Q64.31","ICD10CM","CM_761.33"
"Q64.32","ICD10CM","CM_761.33"
"Q64.33","ICD10CM","CM_761.33"
"Q64.39","ICD10CM","CM_761.33"
"753.7","ICD9CM","CM_761.34"
"Q64.4","ICD10CM","CM_761.34"
"Q64.5","ICD10CM","CM_761.35"
"748","ICD9CM","CM_762"
"748.3","ICD9CM","CM_762"
"748.8","ICD9CM","CM_762"
"748.9","ICD9CM","CM_762"
"Q34","ICD10CM","CM_762"
"Q34.0","ICD10CM","CM_762"
"Q34.1","ICD10CM","CM_762"
"Q34.8","ICD10CM","CM_762"
"Q34.9","ICD10CM","CM_762"
"V13.66","ICD9CM","CM_762"
"Z87.75","ICD10CM","CM_762"
"Q31","ICD10CM","CM_762.1"
"Q31.8","ICD10CM","CM_762.1"
"Q31.9","ICD10CM","CM_762.1"
"748.2","ICD9CM","CM_762.11"
"Q31.0","ICD10CM","CM_762.11"
"Q31.1","ICD10CM","CM_762.12"
"Q31.2","ICD10CM","CM_762.13"
"Q31.3","ICD10CM","CM_762.14"
"Q31.5","ICD10CM","CM_762.15"
"Q32","ICD10CM","CM_762.2"
"Q32.0","ICD10CM","CM_762.2"
"Q32.1","ICD10CM","CM_762.2"
"Q32.2","ICD10CM","CM_762.2"
"Q32.3","ICD10CM","CM_762.2"
"Q32.4","ICD10CM","CM_762.2"
"748.6","ICD9CM","CM_762.3"
"748.60","ICD9CM","CM_762.3"
"748.69","ICD9CM","CM_762.3"
"Q33","ICD10CM","CM_762.3"
"Q33.5","ICD10CM","CM_762.3"
"Q33.8","ICD10CM","CM_762.3"
"Q33.9","ICD10CM","CM_762.3"
"748.4","ICD9CM","CM_762.31"
"Q33.0","ICD10CM","CM_762.31"
"748.61","ICD9CM","CM_762.32"
"Q33.4","ICD10CM","CM_762.32"
"748.5","ICD9CM","CM_762.33"
"Q33.3","ICD10CM","CM_762.33"
"Q33.6","ICD10CM","CM_762.33"
"Q33.1","ICD10CM","CM_762.34"
"Q33.2","ICD10CM","CM_762.35"
"746","ICD9CM","CM_763"
"746.8","ICD9CM","CM_763"
"746.84","ICD9CM","CM_763"
"746.89","ICD9CM","CM_763"
"746.9","ICD9CM","CM_763"
"Q24","ICD10CM","CM_763"
"Q24.8","ICD10CM","CM_763"
"Q24.9","ICD10CM","CM_763"
"Q25","ICD10CM","CM_763.1"
"Q25.8","ICD10CM","CM_763.1"
"Q25.9","ICD10CM","CM_763.1"
"745.0","ICD9CM","CM_763.11"
"Q20.0","ICD10CM","CM_763.11"
"745.1","ICD9CM","CM_763.12"
"745.10","ICD9CM","CM_763.12"
"745.12","ICD9CM","CM_763.12"
"745.19","ICD9CM","CM_763.12"
"Q20.3","ICD10CM","CM_763.12"
"Q20.5","ICD10CM","CM_763.12"
"747.0","ICD9CM","CM_763.13"
"Q25.0","ICD10CM","CM_763.13"
"747.2","ICD9CM","CM_763.14"
"747.20","ICD9CM","CM_763.14"
"747.21","ICD9CM","CM_763.14"
"747.29","ICD9CM","CM_763.14"
"Q25.4","ICD10CM","CM_763.14"
"Q25.40","ICD10CM","CM_763.14"
"Q25.46","ICD10CM","CM_763.14"
"Q25.48","ICD10CM","CM_763.14"
"Q25.49","ICD10CM","CM_763.14"
"747.1","ICD9CM","CM_763.141"
"747.10","ICD9CM","CM_763.141"
"Q25.1","ICD10CM","CM_763.141"
"747.11","ICD9CM","CM_763.142"
"Q25.21","ICD10CM","CM_763.142"
"747.22","ICD9CM","CM_763.143"
"Q25.2","ICD10CM","CM_763.143"
"Q25.29","ICD10CM","CM_763.143"
"Q25.3","ICD10CM","CM_763.143"
"Q25.41","ICD10CM","CM_763.144"
"Q25.42","ICD10CM","CM_763.144"
"Q25.43","ICD10CM","CM_763.145"
"Q25.44","ICD10CM","CM_763.145"
"Q25.45","ICD10CM","CM_763.146"
"Q25.47","ICD10CM","CM_763.147"
"747.3","ICD9CM","CM_763.15"
"747.39","ICD9CM","CM_763.15"
"Q25.7","ICD10CM","CM_763.15"
"Q25.79","ICD10CM","CM_763.15"
"747.31","ICD9CM","CM_763.151"
"Q25.5","ICD10CM","CM_763.151"
"Q25.71","ICD10CM","CM_763.151"
"Q25.6","ICD10CM","CM_763.152"
"747.32","ICD9CM","CM_763.153"
"Q25.72","ICD10CM","CM_763.153"
"745.11","ICD9CM","CM_763.16"
"Q20.1","ICD10CM","CM_763.16"
"Q20.2","ICD10CM","CM_763.17"
"746.83","ICD9CM","CM_763.18"
"Q24.3","ICD10CM","CM_763.18"
"Q22","ICD10CM","CM_763.2"
"746.0","ICD9CM","CM_763.21"
"746.00","ICD9CM","CM_763.21"
"746.09","ICD9CM","CM_763.21"
"Q22.3","ICD10CM","CM_763.21"
"746.01","ICD9CM","CM_763.211"
"Q22.0","ICD10CM","CM_763.211"
"746.02","ICD9CM","CM_763.212"
"Q22.1","ICD10CM","CM_763.212"
"Q22.2","ICD10CM","CM_763.213"
"746.1","ICD9CM","CM_763.22"
"Q22.8","ICD10CM","CM_763.22"
"Q22.9","ICD10CM","CM_763.22"
"Q22.4","ICD10CM","CM_763.221"
"746.2","ICD9CM","CM_763.222"
"Q22.5","ICD10CM","CM_763.222"
"Q23","ICD10CM","CM_763.23"
"Q23.8","ICD10CM","CM_763.23"
"Q23.9","ICD10CM","CM_763.23"
"746.3","ICD9CM","CM_763.231"
"Q23.0","ICD10CM","CM_763.231"
"746.4","ICD9CM","CM_763.232"
"Q23.1","ICD10CM","CM_763.232"
"746.5","ICD9CM","CM_763.233"
"Q23.2","ICD10CM","CM_763.233"
"746.6","ICD9CM","CM_763.234"
"Q23.3","ICD10CM","CM_763.234"
"Q22.6","ICD10CM","CM_763.24"
"745","ICD9CM","CM_763.3"
"745.7","ICD9CM","CM_763.3"
"745.8","ICD9CM","CM_763.3"
"745.9","ICD9CM","CM_763.3"
"Q20","ICD10CM","CM_763.3"
"Q20.6","ICD10CM","CM_763.3"
"Q20.8","ICD10CM","CM_763.3"
"Q20.9","ICD10CM","CM_763.3"
"Q21","ICD10CM","CM_763.3"
"Q21.8","ICD10CM","CM_763.3"
"Q21.9","ICD10CM","CM_763.3"
"745.4","ICD9CM","CM_763.31"
"I27.83","ICD10CM","CM_763.31"
"Q21.0","ICD10CM","CM_763.31"
"745.5","ICD9CM","CM_763.32"
"Q21.1","ICD10CM","CM_763.32"
"Q21.10","ICD10CM","CM_763.32"
"Q21.11","ICD10CM","CM_763.32"
"Q21.13","ICD10CM","CM_763.32"
"Q21.14","ICD10CM","CM_763.32"
"Q21.15","ICD10CM","CM_763.32"
"Q21.16","ICD10CM","CM_763.32"
"Q21.19","ICD10CM","CM_763.32"
"Q21.12","ICD10CM","CM_763.321"
"745.6","ICD9CM","CM_763.33"
"745.60","ICD9CM","CM_763.33"
"745.61","ICD9CM","CM_763.33"
"745.69","ICD9CM","CM_763.33"
"Q21.2","ICD10CM","CM_763.33"
"Q21.20","ICD10CM","CM_763.33"
"Q21.21","ICD10CM","CM_763.33"
"Q21.22","ICD10CM","CM_763.33"
"Q21.23","ICD10CM","CM_763.33"
"746.82","ICD9CM","CM_763.34"
"Q24.2","ICD10CM","CM_763.34"
"Q21.4","ICD10CM","CM_763.35"
"745.3","ICD9CM","CM_763.36"
"Q20.4","ICD10CM","CM_763.36"
"745.2","ICD9CM","CM_763.4"
"Q21.3","ICD10CM","CM_763.4"
"746.81","ICD9CM","CM_763.5"
"Q24.4","ICD10CM","CM_763.5"
"747.41","ICD9CM","CM_763.6"
"747.42","ICD9CM","CM_763.6"
"Q26.2","ICD10CM","CM_763.6"
"Q26.3","ICD10CM","CM_763.6"
"Q26.4","ICD10CM","CM_763.6"
"746.7","ICD9CM","CM_763.7"
"Q23.4","ICD10CM","CM_763.7"
"746.86","ICD9CM","CM_763.8"
"Q24.6","ICD10CM","CM_763.8"
"746.85","ICD9CM","CM_763.9"
"Q24.5","ICD10CM","CM_763.9"
"747","ICD9CM","CM_764"
"747.6","ICD9CM","CM_764"
"747.60","ICD9CM","CM_764"
"747.63","ICD9CM","CM_764"
"747.64","ICD9CM","CM_764"
"747.69","ICD9CM","CM_764"
"747.8","ICD9CM","CM_764"
"747.81","ICD9CM","CM_764"
"747.82","ICD9CM","CM_764"
"747.89","ICD9CM","CM_764"
"747.9","ICD9CM","CM_764"
"Q27","ICD10CM","CM_764"
"Q27.4","ICD10CM","CM_764"
"Q27.8","ICD10CM","CM_764"
"Q27.9","ICD10CM","CM_764"
"Q28","ICD10CM","CM_764"
"Q28.1","ICD10CM","CM_764"
"Q28.3","ICD10CM","CM_764"
"Q28.8","ICD10CM","CM_764"
"Q28.9","ICD10CM","CM_764"
"747.4","ICD9CM","CM_764.1"
"747.40","ICD9CM","CM_764.1"
"747.49","ICD9CM","CM_764.1"
"Q26","ICD10CM","CM_764.1"
"Q26.0","ICD10CM","CM_764.1"
"Q26.6","ICD10CM","CM_764.1"
"Q26.8","ICD10CM","CM_764.1"
"Q26.9","ICD10CM","CM_764.1"
"Q26.1","ICD10CM","CM_764.11"
"747.61","ICD9CM","CM_764.12"
"Q26.5","ICD10CM","CM_764.12"
"747.5","ICD9CM","CM_764.2"
"Q27.0","ICD10CM","CM_764.2"
"747.62","ICD9CM","CM_764.3"
"Q27.1","ICD10CM","CM_764.3"
"Q27.2","ICD10CM","CM_764.3"
"Q27.3","ICD10CM","CM_764.5"
"Q27.30","ICD10CM","CM_764.5"
"Q27.31","ICD10CM","CM_764.5"
"Q27.32","ICD10CM","CM_764.5"
"Q27.33","ICD10CM","CM_764.5"
"Q27.34","ICD10CM","CM_764.5"
"Q27.39","ICD10CM","CM_764.5"
"Q28.0","ICD10CM","CM_764.5"
"Q28.2","ICD10CM","CM_764.5"
"754.32","ICD9CM","CM_765"
"754.33","ICD9CM","CM_765"
"755.63","ICD9CM","CM_765"
"Q65","ICD10CM","CM_765"
"Q65.6","ICD10CM","CM_765"
"Q65.8","ICD10CM","CM_765"
"Q65.89","ICD10CM","CM_765"
"Q65.9","ICD10CM","CM_765"
"754.3","ICD9CM","CM_765.1"
"754.30","ICD9CM","CM_765.1"
"754.35","ICD9CM","CM_765.1"
"Q65.0","ICD10CM","CM_765.1"
"Q65.00","ICD10CM","CM_765.1"
"Q65.01","ICD10CM","CM_765.1"
"Q65.02","ICD10CM","CM_765.1"
"Q65.2","ICD10CM","CM_765.1"
"Q65.3","ICD10CM","CM_765.1"
"Q65.30","ICD10CM","CM_765.1"
"Q65.31","ICD10CM","CM_765.1"
"Q65.32","ICD10CM","CM_765.1"
"Q65.5","ICD10CM","CM_765.1"
"754.31","ICD9CM","CM_765.11"
"Q65.1","ICD10CM","CM_765.11"
"Q65.4","ICD10CM","CM_765.11"
"755.61","ICD9CM","CM_765.2"
"Q65.81","ICD10CM","CM_765.2"
"755.62","ICD9CM","CM_765.3"
"Q65.82","ICD10CM","CM_765.3"
"754.7","ICD9CM","CM_766"
"754.70","ICD9CM","CM_766"
"754.79","ICD9CM","CM_766"
"755.67","ICD9CM","CM_766"
"Q66","ICD10CM","CM_766"
"Q66.8","ICD10CM","CM_766"
"Q66.80","ICD10CM","CM_766"
"Q66.81","ICD10CM","CM_766"
"Q66.82","ICD10CM","CM_766"
"Q66.89","ICD10CM","CM_766"
"Q66.9","ICD10CM","CM_766"
"Q66.90","ICD10CM","CM_766"
"Q66.91","ICD10CM","CM_766"
"Q66.92","ICD10CM","CM_766"
"Q72.7","ICD10CM","CM_766"
"Q72.70","ICD10CM","CM_766"
"Q72.71","ICD10CM","CM_766"
"Q72.72","ICD10CM","CM_766"
"Q72.73","ICD10CM","CM_766"
"754.5","ICD9CM","CM_766.1"
"754.50","ICD9CM","CM_766.1"
"754.59","ICD9CM","CM_766.1"
"Q66.1","ICD10CM","CM_766.1"
"Q66.10","ICD10CM","CM_766.1"
"Q66.11","ICD10CM","CM_766.1"
"Q66.12","ICD10CM","CM_766.1"
"Q66.3","ICD10CM","CM_766.1"
"Q66.30","ICD10CM","CM_766.1"
"Q66.31","ICD10CM","CM_766.1"
"Q66.32","ICD10CM","CM_766.1"
"754.51","ICD9CM","CM_766.11"
"Q66.0","ICD10CM","CM_766.11"
"754.52","ICD9CM","CM_766.12"
"754.53","ICD9CM","CM_766.12"
"Q66.2","ICD10CM","CM_766.12"
"Q66.21","ICD10CM","CM_766.12"
"Q66.211","ICD10CM","CM_766.12"
"Q66.212","ICD10CM","CM_766.12"
"Q66.219","ICD10CM","CM_766.12"
"Q66.22","ICD10CM","CM_766.12"
"Q66.221","ICD10CM","CM_766.12"
"Q66.222","ICD10CM","CM_766.12"
"Q66.229","ICD10CM","CM_766.12"
"754.71","ICD9CM","CM_766.13"
"Q66.7","ICD10CM","CM_766.13"
"Q66.70","ICD10CM","CM_766.13"
"Q66.71","ICD10CM","CM_766.13"
"Q66.72","ICD10CM","CM_766.13"
"754.6","ICD9CM","CM_766.2"
"754.60","ICD9CM","CM_766.2"
"754.69","ICD9CM","CM_766.2"
"Q66.6","ICD10CM","CM_766.2"
"754.62","ICD9CM","CM_766.21"
"Q66.4","ICD10CM","CM_766.21"
"Q66.40","ICD10CM","CM_766.21"
"Q66.41","ICD10CM","CM_766.21"
"Q66.42","ICD10CM","CM_766.21"
"754.61","ICD9CM","CM_766.22"
"Q66.5","ICD10CM","CM_766.22"
"Q66.50","ICD10CM","CM_766.22"
"Q66.51","ICD10CM","CM_766.22"
"Q66.52","ICD10CM","CM_766.22"
"755","ICD9CM","CM_767"
"755.5","ICD9CM","CM_767"
"755.50","ICD9CM","CM_767"
"755.53","ICD9CM","CM_767"
"755.54","ICD9CM","CM_767"
"755.56","ICD9CM","CM_767"
"755.59","ICD9CM","CM_767"
"755.6","ICD9CM","CM_767"
"755.60","ICD9CM","CM_767"
"755.69","ICD9CM","CM_767"
"755.8","ICD9CM","CM_767"
"755.9","ICD9CM","CM_767"
"Q74","ICD10CM","CM_767"
"Q74.0","ICD10CM","CM_767"
"Q74.2","ICD10CM","CM_767"
"Q74.8","ICD10CM","CM_767"
"Q74.9","ICD10CM","CM_767"
"Q87.2","ICD10CM","CM_767"
"755.57","ICD9CM","CM_767.1"
"755.65","ICD9CM","CM_767.1"
"755.66","ICD9CM","CM_767.1"
"Q68.1","ICD10CM","CM_767.1"
"755.0","ICD9CM","CM_767.11"
"755.00","ICD9CM","CM_767.11"
"755.01","ICD9CM","CM_767.11"
"755.02","ICD9CM","CM_767.11"
"Q69","ICD10CM","CM_767.11"
"Q69.0","ICD10CM","CM_767.11"
"Q69.1","ICD10CM","CM_767.11"
"Q69.2","ICD10CM","CM_767.11"
"Q69.9","ICD10CM","CM_767.11"
"755.1","ICD9CM","CM_767.12"
"755.10","ICD9CM","CM_767.12"
"755.11","ICD9CM","CM_767.12"
"755.12","ICD9CM","CM_767.12"
"755.13","ICD9CM","CM_767.12"
"755.14","ICD9CM","CM_767.12"
"Q70","ICD10CM","CM_767.12"
"Q70.0","ICD10CM","CM_767.12"
"Q70.00","ICD10CM","CM_767.12"
"Q70.01","ICD10CM","CM_767.12"
"Q70.02","ICD10CM","CM_767.12"
"Q70.03","ICD10CM","CM_767.12"
"Q70.1","ICD10CM","CM_767.12"
"Q70.10","ICD10CM","CM_767.12"
"Q70.11","ICD10CM","CM_767.12"
"Q70.12","ICD10CM","CM_767.12"
"Q70.13","ICD10CM","CM_767.12"
"Q70.2","ICD10CM","CM_767.12"
"Q70.20","ICD10CM","CM_767.12"
"Q70.21","ICD10CM","CM_767.12"
"Q70.22","ICD10CM","CM_767.12"
"Q70.23","ICD10CM","CM_767.12"
"Q70.3","ICD10CM","CM_767.12"
"Q70.30","ICD10CM","CM_767.12"
"Q70.31","ICD10CM","CM_767.12"
"Q70.32","ICD10CM","CM_767.12"
"Q70.33","ICD10CM","CM_767.12"
"Q70.4","ICD10CM","CM_767.12"
"Q70.9","ICD10CM","CM_767.12"
"755.4","ICD9CM","CM_767.2"
"Q73","ICD10CM","CM_767.2"
"Q73.0","ICD10CM","CM_767.2"
"Q73.1","ICD10CM","CM_767.2"
"Q73.8","ICD10CM","CM_767.2"
"755.2","ICD9CM","CM_767.21"
"755.20","ICD9CM","CM_767.21"
"755.21","ICD9CM","CM_767.21"
"755.22","ICD9CM","CM_767.21"
"755.23","ICD9CM","CM_767.21"
"755.24","ICD9CM","CM_767.21"
"755.25","ICD9CM","CM_767.21"
"755.26","ICD9CM","CM_767.21"
"755.27","ICD9CM","CM_767.21"
"755.28","ICD9CM","CM_767.21"
"755.29","ICD9CM","CM_767.21"
"755.58","ICD9CM","CM_767.21"
"Q71","ICD10CM","CM_767.21"
"Q71.0","ICD10CM","CM_767.21"
"Q71.00","ICD10CM","CM_767.21"
"Q71.01","ICD10CM","CM_767.21"
"Q71.02","ICD10CM","CM_767.21"
"Q71.03","ICD10CM","CM_767.21"
"Q71.1","ICD10CM","CM_767.21"
"Q71.10","ICD10CM","CM_767.21"
"Q71.11","ICD10CM","CM_767.21"
"Q71.12","ICD10CM","CM_767.21"
"Q71.13","ICD10CM","CM_767.21"
"Q71.2","ICD10CM","CM_767.21"
"Q71.20","ICD10CM","CM_767.21"
"Q71.21","ICD10CM","CM_767.21"
"Q71.22","ICD10CM","CM_767.21"
"Q71.23","ICD10CM","CM_767.21"
"Q71.3","ICD10CM","CM_767.21"
"Q71.30","ICD10CM","CM_767.21"
"Q71.31","ICD10CM","CM_767.21"
"Q71.32","ICD10CM","CM_767.21"
"Q71.33","ICD10CM","CM_767.21"
"Q71.4","ICD10CM","CM_767.21"
"Q71.40","ICD10CM","CM_767.21"
"Q71.41","ICD10CM","CM_767.21"
"Q71.42","ICD10CM","CM_767.21"
"Q71.43","ICD10CM","CM_767.21"
"Q71.5","ICD10CM","CM_767.21"
"Q71.50","ICD10CM","CM_767.21"
"Q71.51","ICD10CM","CM_767.21"
"Q71.52","ICD10CM","CM_767.21"
"Q71.53","ICD10CM","CM_767.21"
"Q71.6","ICD10CM","CM_767.21"
"Q71.60","ICD10CM","CM_767.21"
"Q71.61","ICD10CM","CM_767.21"
"Q71.62","ICD10CM","CM_767.21"
"Q71.63","ICD10CM","CM_767.21"
"Q71.8","ICD10CM","CM_767.21"
"Q71.81","ICD10CM","CM_767.21"
"Q71.811","ICD10CM","CM_767.21"
"Q71.812","ICD10CM","CM_767.21"
"Q71.813","ICD10CM","CM_767.21"
"Q71.819","ICD10CM","CM_767.21"
"Q71.89","ICD10CM","CM_767.21"
"Q71.891","ICD10CM","CM_767.21"
"Q71.892","ICD10CM","CM_767.21"
"Q71.893","ICD10CM","CM_767.21"
"Q71.899","ICD10CM","CM_767.21"
"Q71.9","ICD10CM","CM_767.21"
"Q71.90","ICD10CM","CM_767.21"
"Q71.91","ICD10CM","CM_767.21"
"Q71.92","ICD10CM","CM_767.21"
"Q71.93","ICD10CM","CM_767.21"
"755.3","ICD9CM","CM_767.22"
"755.30","ICD9CM","CM_767.22"
"755.31","ICD9CM","CM_767.22"
"755.32","ICD9CM","CM_767.22"
"755.33","ICD9CM","CM_767.22"
"755.34","ICD9CM","CM_767.22"
"755.35","ICD9CM","CM_767.22"
"755.36","ICD9CM","CM_767.22"
"755.37","ICD9CM","CM_767.22"
"755.38","ICD9CM","CM_767.22"
"755.39","ICD9CM","CM_767.22"
"Q72","ICD10CM","CM_767.22"
"Q72.0","ICD10CM","CM_767.22"
"Q72.00","ICD10CM","CM_767.22"
"Q72.01","ICD10CM","CM_767.22"
"Q72.02","ICD10CM","CM_767.22"
"Q72.03","ICD10CM","CM_767.22"
"Q72.1","ICD10CM","CM_767.22"
"Q72.10","ICD10CM","CM_767.22"
"Q72.11","ICD10CM","CM_767.22"
"Q72.12","ICD10CM","CM_767.22"
"Q72.13","ICD10CM","CM_767.22"
"Q72.2","ICD10CM","CM_767.22"
"Q72.20","ICD10CM","CM_767.22"
"Q72.21","ICD10CM","CM_767.22"
"Q72.22","ICD10CM","CM_767.22"
"Q72.23","ICD10CM","CM_767.22"
"Q72.3","ICD10CM","CM_767.22"
"Q72.30","ICD10CM","CM_767.22"
"Q72.31","ICD10CM","CM_767.22"
"Q72.32","ICD10CM","CM_767.22"
"Q72.33","ICD10CM","CM_767.22"
"Q72.4","ICD10CM","CM_767.22"
"Q72.40","ICD10CM","CM_767.22"
"Q72.41","ICD10CM","CM_767.22"
"Q72.42","ICD10CM","CM_767.22"
"Q72.43","ICD10CM","CM_767.22"
"Q72.5","ICD10CM","CM_767.22"
"Q72.50","ICD10CM","CM_767.22"
"Q72.51","ICD10CM","CM_767.22"
"Q72.52","ICD10CM","CM_767.22"
"Q72.53","ICD10CM","CM_767.22"
"Q72.6","ICD10CM","CM_767.22"
"Q72.60","ICD10CM","CM_767.22"
"Q72.61","ICD10CM","CM_767.22"
"Q72.62","ICD10CM","CM_767.22"
"Q72.63","ICD10CM","CM_767.22"
"Q72.8","ICD10CM","CM_767.22"
"Q72.81","ICD10CM","CM_767.22"
"Q72.811","ICD10CM","CM_767.22"
"Q72.812","ICD10CM","CM_767.22"
"Q72.813","ICD10CM","CM_767.22"
"Q72.819","ICD10CM","CM_767.22"
"Q72.89","ICD10CM","CM_767.22"
"Q72.891","ICD10CM","CM_767.22"
"Q72.892","ICD10CM","CM_767.22"
"Q72.893","ICD10CM","CM_767.22"
"Q72.899","ICD10CM","CM_767.22"
"Q72.9","ICD10CM","CM_767.22"
"Q72.90","ICD10CM","CM_767.22"
"Q72.91","ICD10CM","CM_767.22"
"Q72.92","ICD10CM","CM_767.22"
"Q72.93","ICD10CM","CM_767.22"
"754.40","ICD9CM","CM_767.3"
"754.41","ICD9CM","CM_767.3"
"755.64","ICD9CM","CM_767.3"
"Q68.2","ICD10CM","CM_767.3"
"Q68.6","ICD10CM","CM_767.3"
"Q74.1","ICD10CM","CM_767.3"
"754.4","ICD9CM","CM_767.6"
"754.42","ICD9CM","CM_767.6"
"754.43","ICD9CM","CM_767.6"
"754.44","ICD9CM","CM_767.6"
"Q68.3","ICD10CM","CM_767.6"
"Q68.4","ICD10CM","CM_767.6"
"Q68.5","ICD10CM","CM_767.6"
"Q76.8","ICD10CM","CM_768"
"Q76.9","ICD10CM","CM_768"
"Q67.8","ICD10CM","CM_768.1"
"754.81","ICD9CM","CM_768.11"
"Q67.6","ICD10CM","CM_768.11"
"754.82","ICD9CM","CM_768.12"
"Q67.7","ICD10CM","CM_768.12"
"756.3","ICD9CM","CM_768.2"
"Q76.6","ICD10CM","CM_768.2"
"Q76.7","ICD10CM","CM_768.2"
"756.2","ICD9CM","CM_768.21"
"Q76.5","ICD10CM","CM_768.21"
"754.2","ICD9CM","CM_769"
"756.1","ICD9CM","CM_769"
"756.10","ICD9CM","CM_769"
"756.13","ICD9CM","CM_769"
"756.14","ICD9CM","CM_769"
"756.15","ICD9CM","CM_769"
"756.19","ICD9CM","CM_769"
"Q67.5","ICD10CM","CM_769"
"Q76","ICD10CM","CM_769"
"Q76.4","ICD10CM","CM_769"
"Q76.49","ICD10CM","CM_769"
"756.16","ICD9CM","CM_769.1"
"Q76.1","ICD10CM","CM_769.1"
"Q76.3","ICD10CM","CM_769.2"
"Q76.41","ICD10CM","CM_769.3"
"Q76.411","ICD10CM","CM_769.3"
"Q76.412","ICD10CM","CM_769.3"
"Q76.413","ICD10CM","CM_769.3"
"Q76.414","ICD10CM","CM_769.3"
"Q76.415","ICD10CM","CM_769.3"
"Q76.419","ICD10CM","CM_769.3"
"Q76.42","ICD10CM","CM_769.4"
"Q76.425","ICD10CM","CM_769.4"
"Q76.426","ICD10CM","CM_769.4"
"Q76.427","ICD10CM","CM_769.4"
"Q76.428","ICD10CM","CM_769.4"
"Q76.429","ICD10CM","CM_769.4"
"756.11","ICD9CM","CM_769.7"
"756.12","ICD9CM","CM_769.7"
"Q76.2","ICD10CM","CM_769.7"
"754","ICD9CM","CM_770"
"755.51","ICD9CM","CM_770"
"755.52","ICD9CM","CM_770"
"756","ICD9CM","CM_770"
"756.8","ICD9CM","CM_770"
"756.81","ICD9CM","CM_770"
"756.82","ICD9CM","CM_770"
"756.89","ICD9CM","CM_770"
"756.9","ICD9CM","CM_770"
"Q67","ICD10CM","CM_770"
"Q68","ICD10CM","CM_770"
"Q68.8","ICD10CM","CM_770"
"Q79","ICD10CM","CM_770"
"Q79.8","ICD10CM","CM_770"
"Q79.9","ICD10CM","CM_770"
"Q87.5","ICD10CM","CM_770"
"756.6","ICD9CM","CM_770.1"
"Q79.1","ICD10CM","CM_770.1"
"Q79.0","ICD10CM","CM_770.11"
"756.7","ICD9CM","CM_770.2"
"756.70","ICD9CM","CM_770.2"
"Q79.5","ICD10CM","CM_770.2"
"Q79.51","ICD10CM","CM_770.2"
"Q79.59","ICD10CM","CM_770.2"
"756.72","ICD9CM","CM_770.21"
"756.79","ICD9CM","CM_770.21"
"Q79.2","ICD10CM","CM_770.21"
"756.73","ICD9CM","CM_770.22"
"Q79.3","ICD10CM","CM_770.22"
"756.71","ICD9CM","CM_770.23"
"Q79.4","ICD10CM","CM_770.23"
"754.1","ICD9CM","CM_770.3"
"Q68.0","ICD10CM","CM_770.3"
"Q74.3","ICD10CM","CM_770.4"
"756.4","ICD9CM","CM_770.5"
"756.5","ICD9CM","CM_770.5"
"756.50","ICD9CM","CM_770.5"
"756.51","ICD9CM","CM_770.5"
"756.52","ICD9CM","CM_770.5"
"756.53","ICD9CM","CM_770.5"
"756.54","ICD9CM","CM_770.5"
"756.55","ICD9CM","CM_770.5"
"756.56","ICD9CM","CM_770.5"
"756.59","ICD9CM","CM_770.5"
"Q77","ICD10CM","CM_770.5"
"Q77.0","ICD10CM","CM_770.5"
"Q77.1","ICD10CM","CM_770.5"
"Q77.2","ICD10CM","CM_770.5"
"Q77.3","ICD10CM","CM_770.5"
"Q77.4","ICD10CM","CM_770.5"
"Q77.5","ICD10CM","CM_770.5"
"Q77.6","ICD10CM","CM_770.5"
"Q77.7","ICD10CM","CM_770.5"
"Q77.8","ICD10CM","CM_770.5"
"Q77.9","ICD10CM","CM_770.5"
"Q78","ICD10CM","CM_770.5"
"Q78.0","ICD10CM","CM_770.5"
"Q78.1","ICD10CM","CM_770.5"
"Q78.2","ICD10CM","CM_770.5"
"Q78.3","ICD10CM","CM_770.5"
"Q78.4","ICD10CM","CM_770.5"
"Q78.5","ICD10CM","CM_770.5"
"Q78.6","ICD10CM","CM_770.5"
"Q78.8","ICD10CM","CM_770.5"
"Q78.9","ICD10CM","CM_770.5"
"757","ICD9CM","CM_771"
"Q82.4","ICD10CM","CM_771"
"Q84","ICD10CM","CM_771"
"Q84.8","ICD10CM","CM_771"
"Q84.9","ICD10CM","CM_771"
"757.1","ICD9CM","CM_771.1"
"757.2","ICD9CM","CM_771.1"
"757.3","ICD9CM","CM_771.1"
"757.31","ICD9CM","CM_771.1"
"757.39","ICD9CM","CM_771.1"
"757.8","ICD9CM","CM_771.1"
"757.9","ICD9CM","CM_771.1"
"Q80","ICD10CM","CM_771.1"
"Q80.0","ICD10CM","CM_771.1"
"Q80.1","ICD10CM","CM_771.1"
"Q80.2","ICD10CM","CM_771.1"
"Q80.3","ICD10CM","CM_771.1"
"Q80.4","ICD10CM","CM_771.1"
"Q80.8","ICD10CM","CM_771.1"
"Q80.9","ICD10CM","CM_771.1"
"Q81","ICD10CM","CM_771.1"
"Q81.0","ICD10CM","CM_771.1"
"Q81.1","ICD10CM","CM_771.1"
"Q81.2","ICD10CM","CM_771.1"
"Q81.8","ICD10CM","CM_771.1"
"Q81.9","ICD10CM","CM_771.1"
"Q82","ICD10CM","CM_771.1"
"Q82.8","ICD10CM","CM_771.1"
"Q82.9","ICD10CM","CM_771.1"
"757.33","ICD9CM","CM_771.11"
"Q82.1","ICD10CM","CM_771.11"
"Q82.2","ICD10CM","CM_771.11"
"Q82.3","ICD10CM","CM_771.11"
"757.32","ICD9CM","CM_771.14"
"Q82.5","ICD10CM","CM_771.14"
"757.4","ICD9CM","CM_771.2"
"Q84.0","ICD10CM","CM_771.2"
"Q84.1","ICD10CM","CM_771.2"
"Q84.2","ICD10CM","CM_771.2"
"757.5","ICD9CM","CM_771.3"
"Q84.3","ICD10CM","CM_771.3"
"Q84.4","ICD10CM","CM_771.3"
"Q84.5","ICD10CM","CM_771.3"
"Q84.6","ICD10CM","CM_771.3"
"757.6","ICD9CM","CM_771.4"
"Q83","ICD10CM","CM_771.4"
"Q83.0","ICD10CM","CM_771.4"
"Q83.1","ICD10CM","CM_771.4"
"Q83.2","ICD10CM","CM_771.4"
"Q83.3","ICD10CM","CM_771.4"
"Q83.8","ICD10CM","CM_771.4"
"Q83.9","ICD10CM","CM_771.4"
"759.2","ICD9CM","CM_772.1"
"Q89.2","ICD10CM","CM_772.1"
"759.1","ICD9CM","CM_772.11"
"Q89.1","ICD10CM","CM_772.11"
"243","ICD9CM","CM_772.2"
"E03.0","ICD10CM","CM_772.2"
"E03.1","ICD10CM","CM_772.2"
"E00","ICD10CM","CM_772.3"
"E00.0","ICD10CM","CM_772.3"
"E00.1","ICD10CM","CM_772.3"
"E00.2","ICD10CM","CM_772.3"
"E00.9","ICD10CM","CM_772.3"
"759.0","ICD9CM","CM_773"
"Q89.0","ICD10CM","CM_773"
"Q89.09","ICD10CM","CM_773"
"Q89.01","ICD10CM","CM_773.1"
"759.3","ICD9CM","CM_774.1"
"Q89.3","ICD10CM","CM_774.1"
"746.87","ICD9CM","CM_774.2"
"Q24.0","ICD10CM","CM_774.2"
"Q24.1","ICD10CM","CM_774.2"
"759.4","ICD9CM","CM_775"
"Q89.4","ICD10CM","CM_775"
"759.7","ICD9CM","CM_776"
"Q89.7","ICD10CM","CM_776"
"Q86","ICD10CM","CM_777"
"Q86.1","ICD10CM","CM_777"
"Q86.2","ICD10CM","CM_777"
"Q86.8","ICD10CM","CM_777"
"Q87.1","ICD10CM","CM_777"
"Q87.19","ICD10CM","CM_777"
"Q87.3","ICD10CM","CM_777"
"Q87.8","ICD10CM","CM_777"
"Q87.89","ICD10CM","CM_777"
"Q86.0","ICD10CM","CM_777.1"
"754.8","ICD9CM","CM_778"
"754.89","ICD9CM","CM_778"
"759","ICD9CM","CM_778"
"759.8","ICD9CM","CM_778"
"759.89","ICD9CM","CM_778"
"759.9","ICD9CM","CM_778"
"Q87","ICD10CM","CM_778"
"Q89","ICD10CM","CM_778"
"Q89.8","ICD10CM","CM_778"
"Q89.9","ICD10CM","CM_778"
"V13.6","ICD9CM","CM_778"
"V13.62","ICD9CM","CM_778"
"V13.64","ICD9CM","CM_778"
"V13.65","ICD9CM","CM_778"
"V13.68","ICD9CM","CM_778"
"V13.69","ICD9CM","CM_778"
"Z87.7","ICD10CM","CM_778"
"Z87.718","ICD10CM","CM_778"
"Z87.72","ICD10CM","CM_778"
"Z87.728","ICD10CM","CM_778"
"Z87.74","ICD10CM","CM_778"
"Z87.76","ICD10CM","CM_778"
"Z87.79","ICD10CM","CM_778"
"Z87.798","ICD10CM","CM_778"
